{
  "created_at": "2025-12-17T18:27:33",
  "base_folder_name": "natura",
  "base_folder_path_hint": "Y:\\OneDrive\\paginas web\\stock\\natura",
  "included_extensions": [
    ".css",
    ".html",
    ".js",
    ".py"
  ],
  "included_folders": null,
  "search_unordered": "",
  "search_phrase": "",
  "files": [
    "catalogo.html",
    "recursos/scrips/carrito-whatsapp-init.js",
    "recursos/scrips/config-estado-dom.js",
    "recursos/scrips/exportar-pdf-catalogo.js",
    "recursos/scrips/filtros-tabla-productos.js",
    "recursos/scrips/layout-movil-buscador.js",
    "recursos/scrips/sobre-nosotros.js",
    "recursos/scrips/utilidades-imagenes-galeria.js",
    "recursos/scrips/visitas-ubicacion.js",
    "recursos/stilos/01-base.css",
    "recursos/stilos/02-moderno.css",
    "recursos/stilos/03-refinamiento.css",
    "recursos/stilos/04-extras-modal-stock.css"
  ]
}