{
  "created_at": "2026-01-03T04:38:59",
  "base_folder_name": "natura",
  "base_folder_path_hint": "Y:\\OneDrive\\paginas web\\stock\\natura",
  "included_extensions": [
    ".css",
    ".html",
    ".py"
  ],
  "included_folders": [
    ".",
    "recursos/scrips",
    "recursos/stilos"
  ],
  "search_unordered": "",
  "search_phrase": "",
  "files": [
    "catalogo.html",
    "recursos/stilos/01-base.css",
    "recursos/stilos/02-moderno.css",
    "recursos/stilos/03-refinamiento.css",
    "recursos/stilos/04-extras-modal-stock.css",
    "recursos/stilos/catalogo-simple.css",
    "recursos/stilos/no-pdf.css"
  ]
}