{
  "created_at": "2025-12-15T17:45:49",
  "base_folder_name": "arcadia",
  "base_folder_path_hint": "Y:\\OneDrive\\paginas web\\stock\\arcadia",
  "included_extensions": [
    ".css",
    ".html",
    ".js",
    ".py"
  ],
  "included_folders": null,
  "search_unordered": "",
  "search_phrase": "",
  "files": [
    "ventas.html",
    "recursos/scrips/api.js",
    "recursos/scrips/app.capture.js",
    "recursos/scrips/app.helpers.js",
    "recursos/scrips/app.main.js",
    "recursos/scrips/app.report.js",
    "recursos/scrips/app.state.js",
    "recursos/scrips/config.js",
    "recursos/scrips/ui.js",
    "recursos/scrips/utils.js",
    "recursos/stilos/base.css",
    "recursos/stilos/capture.css",
    "recursos/stilos/report.css"
  ]
}